id,pred
S_507_509,0.8768173175
S_507_511,0.0817832069
S_507_512,0.3103250578
S_507_521,0.2528269881
S_507_536,0.3663682734
S_507_538,0.8533375485
S_507_549,0.1762324375
S_507_553,0.8852183728
S_507_556,0.2915178476
S_507_559,0.1892373167
S_507_562,0.1005031861
S_507_569,0.4490639483
S_507_570,0.7916740237
S_507_577,0.0928033807
S_507_580,0.8716565234
S_507_592,0.0894745723
S_507_599,0.3695589848
S_507_607,0.1865431106
S_507_612,0.3830345952
S_507_628,0.136593104
S_507_629,0.120967215
S_507_636,0.1032904305
S_507_637,0.402913222
S_507_640,0.1438935078
S_507_651,0.1696565913
S_507_658,0.6993019316
S_507_663,0.218865045
S_507_666,0.2234036621
S_507_667,0.711729469
S_507_670,0.1411182726
S_507_671,0.0935210434
S_507_686,0.8931915169
S_507_689,0.6071382664
S_507_694,0.8488363104
S_507_695,0.5960258403
S_507_698,0.6140741563
S_507_701,0.2551124856
S_507_702,0.6265912461
S_507_708,0.2348398252
S_507_720,0.1245016287
S_507_721,0.2323268795
S_507_722,0.1550115158
S_507_725,0.2277976237
S_507_731,0.1666894351
S_507_737,0.464091144
S_507_754,0.1777701891
S_507_765,0.6810918988
S_507_779,0.5436532593
S_507_780,0.2094862328
S_507_783,0.3407468308
S_507_786,0.1298861314
S_507_790,0.3704856692
S_507_793,0.2852584263
S_507_802,0.8582894275
S_507_804,0.8893460058
S_507_810,0.1658740355
S_507_811,0.8593016857
S_507_825,0.2505311241
S_507_829,0.074867526
S_507_830,0.1537717778
S_507_836,0.8713392931
S_507_842,0.8496062981
S_507_845,0.8967073488
S_507_846,0.1253748218
S_507_849,0.1061982529
S_507_850,0.891792461
S_507_853,0.3393143905
S_509_511,0.0878279035
S_509_512,0.2416495752
S_509_521,0.1881403216
S_509_536,0.2963035208
S_509_538,0.8654455966
S_509_549,0.1234789144
S_509_553,0.8732419137
S_509_556,0.2334783752
S_509_559,0.1327957734
S_509_562,0.0794762041
S_509_569,0.3873962764
S_509_570,0.7969300416
S_509_577,0.0776469009
S_509_580,0.8968842732
S_509_592,0.0744400033
S_509_599,0.3073561609
S_509_607,0.1376377173
S_509_612,0.3195786333
S_509_628,0.1113879353
S_509_629,0.1059208785
S_509_636,0.1008722775
S_509_637,0.3386048978
S_509_640,0.0935122696
S_509_651,0.1626308698
S_509_658,0.6821027808
S_509_663,0.1733186626
S_509_666,0.1625627073
S_509_667,0.695360098
S_509_670,0.1041800598
S_509_671,0.0918973548
S_509_686,0.8651390058
S_509_689,0.5706103694
S_509_694,0.8665636457
S_509_695,0.5567151663
S_509_698,0.5784309483
S_509_701,0.190293152
S_509_702,0.5924263941
S_509_708,0.1699346106
S_509_720,0.1099610143
S_509_721,0.1741538696
S_509_722,0.119889307
S_509_725,0.1704252003
S_509_731,0.1280473455
S_509_737,0.405407185
S_509_754,0.1340316128
S_509_765,0.6611309118
S_509_779,0.4942189184
S_509_780,0.1579528964
S_509_783,0.2684337257
S_509_786,0.1301830876
S_509_790,0.3012618792
S_509_793,0.2237700315
S_509_802,0.8859761096
S_509_804,0.8514445078
S_509_810,0.1181710957
S_509_811,0.8844946675
S_509_825,0.1838089881
S_509_829,0.0694531178
S_509_830,0.0945330061
S_509_836,0.8949237092
S_509_842,0.873691786
S_509_845,0.9173277056
S_509_846,0.1146064809
S_509_849,0.100085152
S_509_850,0.8784707018
S_509_853,0.2704622453
S_511_512,0.9186390126
S_511_521,0.8994622869
S_511_536,0.8772145919
S_511_538,0.8814614986
S_511_549,0.9373476412
S_511_553,0.9010603084
S_511_556,0.8864811465
S_511_559,0.9071077397
S_511_562,0.811732441
S_511_569,0.880873118
S_511_570,0.9008473779
S_511_577,0.732786606
S_511_580,0.9165412347
S_511_592,0.6843233815
S_511_599,0.9015312889
S_511_607,0.8667609205
S_511_612,0.8982520098
S_511_628,0.8270018777
S_511_629,0.7263995079
S_511_636,0.4668783278
S_511_637,0.8854429043
S_511_640,0.8618007104
S_511_651,0.7004610575
S_511_658,0.8858217592
S_511_663,0.8593769963
S_511_666,0.9082209205
S_511_667,0.885447782
S_511_670,0.8978288267
S_511_671,0.6430875767
S_511_686,0.8885026025
S_511_689,0.8721639653
S_511_694,0.9107782368
S_511_695,0.8745239528
S_511_698,0.875621725
S_511_701,0.9081795397
S_511_702,0.8801118488
S_511_708,0.9200853708
S_511_720,0.717096632
S_511_721,0.9184869942
S_511_722,0.8380878151
S_511_725,0.904654956
S_511_731,0.8834544095
S_511_737,0.8815135049
S_511_754,0.8909620016
S_511_765,0.8892250157
S_511_779,0.880660489
S_511_780,0.9210086491
S_511_783,0.9026997662
S_511_786,0.5228243317
S_511_790,0.8953002069
S_511_793,0.915090977
S_511_802,0.9007728605
S_511_804,0.8786915215
S_511_810,0.9214698367
S_511_811,0.9061221122
S_511_825,0.9131042479
S_511_829,0.5395824279
S_511_830,0.924609419
S_511_836,0.9164255927
S_511_842,0.8996252211
S_511_845,0.9045450209
S_511_846,0.6538450145
S_511_849,0.5337856743
S_511_850,0.8980369785
S_511_853,0.9020944989
S_512_521,0.3591762754
S_512_536,0.4930454249
S_512_538,0.8069223382
S_512_549,0.2754115428
S_512_553,0.7553817338
S_512_556,0.5443585034
S_512_559,0.2666146724
S_512_562,0.1666686761
S_512_569,0.589845573
S_512_570,0.9279615539
S_512_577,0.1016259937
S_512_580,0.930576797
S_512_592,0.0864490508
S_512_599,0.6100422795
S_512_607,0.2082728416
S_512_612,0.5803790361
S_512_628,0.152686388
S_512_629,0.118074245
S_512_636,0.0612745038
S_512_637,0.5090737493
S_512_640,0.1974940925
S_512_651,0.1644390255
S_512_658,0.8544536456
S_512_663,0.4597251756
S_512_666,0.341161359
S_512_667,0.8455897104
S_512_670,0.1756495723
S_512_671,0.0607177045
S_512_686,0.71808188
S_512_689,0.8209142354
S_512_694,0.9455594592
S_512_695,0.7133980651
S_512_698,0.7489380254
S_512_701,0.4628782548
S_512_702,0.7611561052
S_512_708,0.3565606371
S_512_720,0.1034122166
S_512_721,0.4500763967
S_512_722,0.1769123646
S_512_725,0.3205679413
S_512_731,0.1946826882
S_512_737,0.6071755359
S_512_754,0.2990202426
S_512_765,0.8529892389
S_512_779,0.704625369
S_512_780,0.2978557258
S_512_783,0.3985525506
S_512_786,0.0576536796
S_512_790,0.3929650871
S_512_793,0.5003697889
S_512_802,0.931343595
S_512_804,0.6990113773
S_512_810,0.2383681859
S_512_811,0.9365321698
S_512_825,0.3238279824
S_512_829,0.0359802495
S_512_830,0.2773464066
S_512_836,0.9288875903
S_512_842,0.8687126359
S_512_845,0.880984498
S_512_846,0.0928156495
S_512_849,0.0559208461
S_512_850,0.7533741488
S_512_853,0.455421195
S_521_536,0.6620968015
S_521_538,0.80896902
S_521_549,0.4953018371
S_521_553,0.7680868742
S_521_556,0.724334782
S_521_559,0.489597927
S_521_562,0.3615806542
S_521_569,0.727503826
S_521_570,0.9390884915
S_521_577,0.2901729821
S_521_580,0.920936595
S_521_592,0.245210271
S_521_599,0.7712458794
S_521_607,0.4202114076
S_521_612,0.7387723967
S_521_628,0.3591695495
S_521_629,0.283511865
S_521_636,0.1557981254
S_521_637,0.6649866095
S_521_640,0.4139392916
S_521_651,0.3303530225
S_521_658,0.895578339
S_521_663,0.6379565127
S_521_666,0.55288939
S_521_667,0.8849105481
S_521_670,0.3968776512
S_521_671,0.2143195039
S_521_686,0.7362227037
S_521_689,0.8913034252
S_521_694,0.9425587822
S_521_695,0.7949828312
S_521_698,0.8250337219
S_521_701,0.6623789723
S_521_702,0.8320966636
S_521_708,0.5758084857
S_521_720,0.2829919544
S_521_721,0.654715572
S_521_722,0.3834196524
S_521_725,0.5305231427
S_521_731,0.4091624055
S_521_737,0.7407949025
S_521_754,0.4916555825
S_521_765,0.8994080551
S_521_779,0.8064666573
S_521_780,0.5087065856
S_521_783,0.584348788
S_521_786,0.1487000923
S_521_790,0.5639907041
S_521_793,0.6938564233
S_521_802,0.9220517913
S_521_804,0.7202867541
S_521_810,0.4615140839
S_521_811,0.9281863864
S_521_825,0.5329273434
S_521_829,0.1532602587
S_521_830,0.5074322322
S_521_836,0.92028959
S_521_842,0.8648697956
S_521_845,0.8716112509
S_521_846,0.2256555515
S_521_849,0.1675390528
S_521_850,0.7657194558
S_521_853,0.6352129135
S_536_538,0.8060479301
S_536_549,0.2542187691
S_536_553,0.7498183264
S_536_556,0.5158028121
S_536_559,0.2375034288
S_536_562,0.1505210484
S_536_569,0.5419510003
S_536_570,0.9061551618
S_536_577,0.081780943
S_536_580,0.9274788391
S_536_592,0.0923370531
S_536_599,0.5699137377
S_536_607,0.188209458
S_536_612,0.5362195451
S_536_628,0.1220942242
S_536_629,0.1331376926
S_536_636,0.0822756558
S_536_637,0.4626964626
S_536_640,0.1685671619
S_536_651,0.1368941903
S_536_658,0.82208785
S_536_663,0.4553003901
S_536_666,0.307078056
S_536_667,0.810567307
S_536_670,0.1388434374
S_536_671,0.0780706553
S_536_686,0.7088056927
S_536_689,0.7765158278
S_536_694,0.9349565991
S_536_695,0.6727346334
S_536_698,0.7049982786
S_536_701,0.4301084047
S_536_702,0.7183042324
S_536_708,0.30751407
S_536_720,0.1036454423
S_536_721,0.4228308971
S_536_722,0.1515589667
S_536_725,0.290878326
S_536_731,0.1774141458
S_536_737,0.5581070413
S_536_754,0.291830487
S_536_765,0.8243480467
S_536_779,0.6558689313
S_536_780,0.2813967116
S_536_783,0.3439440514
S_536_786,0.089553302
S_536_790,0.3345692521
S_536_793,0.4673354312
S_536_802,0.9261889578
S_536_804,0.686816185
S_536_810,0.2121615089
S_536_811,0.9301923596
S_536_825,0.2810811248
S_536_829,0.0533636981
S_536_830,0.2329033641
S_536_836,0.9257239068
S_536_842,0.8680429301
S_536_845,0.8829089794
S_536_846,0.1140877882
S_536_849,0.0820432025
S_536_850,0.7480302017
S_536_853,0.4088962211
S_538_549,0.1712566601
S_538_553,0.8696217056
S_538_556,0.2810603995
S_538_559,0.1855764277
S_538_562,0.1113507519
S_538_569,0.4353316856
S_538_570,0.7878933549
S_538_577,0.1101052901
S_538_580,0.8706309555
S_538_592,0.1004788347
S_538_599,0.3559630532
S_538_607,0.1868338078
S_538_612,0.3700548572
S_538_628,0.150771894
S_538_629,0.1311133203
S_538_636,0.1204851061
S_538_637,0.3898082329
S_538_640,0.1458304194
S_538_651,0.1903364929
S_538_658,0.6914227333
S_538_663,0.2112517251
S_538_666,0.2173473486
S_538_667,0.703947585
S_538_670,0.1486577411
S_538_671,0.1114610616
S_538_686,0.8721775354
S_538_689,0.5957028998
S_538_694,0.8468016649
S_538_695,0.5846705391
S_538_698,0.6035644597
S_538_701,0.2434550736
S_538_702,0.6163023599
S_538_708,0.2279779889
S_538_720,0.1400218778
S_538_721,0.2230466575
S_538_722,0.1643797965
S_538_725,0.2234146988
S_538_731,0.1709937123
S_538_737,0.4510921106
S_538_754,0.1723126657
S_538_765,0.6724136424
S_538_779,0.5303256279
S_538_780,0.2038737056
S_538_783,0.3286994832
S_538_786,0.1415600654
S_538_790,0.3600140763
S_538_793,0.2737814097
S_538_802,0.8585948692
S_538_804,0.8646746039
S_538_810,0.1665941494
S_538_811,0.8590896388
S_538_825,0.2429686852
S_538_829,0.0897277142
S_538_830,0.1502210951
S_538_836,0.8700817525
S_538_842,0.8469993651
S_538_845,0.8934759836
S_538_846,0.1336829919
S_538_849,0.1189612289
S_538_850,0.8759358417
S_538_853,0.3272166471
S_549_553,0.8064454577
S_549_556,0.6830079622
S_549_559,0.5073945533
S_549_562,0.3964699803
S_549_569,0.7276987193
S_549_570,0.9228204829
S_549_577,0.3442731943
S_549_580,0.9135167731
S_549_592,0.2494391601
S_549_599,0.7493327727
S_549_607,0.4336308686
S_549_612,0.7288096505
S_549_628,0.4239514049
S_549_629,0.2587667253
S_549_636,0.1305971812
S_549_637,0.6751957406
S_549_640,0.4424549755
S_549_651,0.4059603677
S_549_658,0.8799851576
S_549_663,0.5758555341
S_549_666,0.5586146205
S_549_667,0.8787282857
S_549_670,0.468664924
S_549_671,0.2001443962
S_549_686,0.7820831526
S_549_689,0.8751462581
S_549_694,0.929561754
S_549_695,0.7921822117
S_549_698,0.8247035659
S_549_701,0.6440613107
S_549_702,0.8295720002
S_549_708,0.6096561423
S_549_720,0.2895355794
S_549_721,0.6323307834
S_549_722,0.4201888356
S_549_725,0.5348580927
S_549_731,0.4289348962
S_549_737,0.7433947416
S_549_754,0.4788598071
S_549_765,0.8784610056
S_549_779,0.8075925022
S_549_780,0.505873226
S_549_783,0.6223335743
S_549_786,0.1192754273
S_549_790,0.6160883715
S_549_793,0.6758265247
S_549_802,0.9140969969
S_549_804,0.769345564
S_549_810,0.4840044335
S_549_811,0.9158321825
S_549_825,0.5620452876
S_549_829,0.1471883902
S_549_830,0.5554313501
S_549_836,0.9112120986
S_549_842,0.8751676569
S_549_845,0.8740098024
S_549_846,0.2080847565
S_549_849,0.1368082743
S_549_850,0.8037788131
S_549_853,0.6464730097
S_553_556,0.3156786738
S_553_559,0.2141427817
S_553_562,0.1143565993
S_553_569,0.4673877147
S_553_570,0.7790710552
S_553_577,0.1040177222
S_553_580,0.8539873712
S_553_592,0.1000944079
S_553_599,0.3921345723
S_553_607,0.2084307786
S_553_612,0.4050669809
S_553_628,0.1511714027
S_553_629,0.1313191351
S_553_636,0.1080475082
S_553_637,0.423843898
S_553_640,0.1673554036
S_553_651,0.177150405
S_553_658,0.695696105
S_553_663,0.2412125611
S_553_666,0.2490304543
S_553_667,0.7072121976
S_553_670,0.1603264226
S_553_671,0.0992016313
S_553_686,0.8980297051
S_553_689,0.6126425385
S_553_694,0.8318996502
S_553_695,0.6021977252
S_553_698,0.6185318211
S_553_701,0.2819156402
S_553_702,0.6300095425
S_553_708,0.261395823
S_553_720,0.1345997521
S_553_721,0.2579113106
S_553_722,0.1729827684
S_553_725,0.2522532758
S_553_731,0.1856652956
S_553_737,0.4809855719
S_553_754,0.1994240933
S_553_765,0.6791769383
S_553_779,0.5548794977
S_553_780,0.232575521
S_553_783,0.3657659016
S_553_786,0.1340760728
S_553_790,0.3935826983
S_553_793,0.3103864473
S_553_802,0.8400007675
S_553_804,0.8970172001
S_553_810,0.1886414783
S_553_811,0.8405445614
S_553_825,0.2772011989
S_553_829,0.0816102068
S_553_830,0.1806320187
S_553_836,0.8535991621
S_553_842,0.837138889
S_553_845,0.8814352543
S_553_846,0.1339263385
S_553_849,0.1128024576
S_553_850,0.8920619376
S_553_853,0.3639066742
S_556_559,0.3284383899
S_556_562,0.258443948
S_556_569,0.5821500378
S_556_570,0.8722389894
S_556_577,0.191484793
S_556_580,0.8847794536
S_556_592,0.1704837845
S_556_599,0.62161303
S_556_607,0.2673953378
S_556_612,0.5862027033
S_556_628,0.2316590987
S_556_629,0.1884450091
S_556_636,0.122870411
S_556_637,0.5146593466
S_556_640,0.2687678107
S_556_651,0.2387790918
S_556_658,0.8061179058
S_556_663,0.5062693249
S_556_666,0.3865206707
S_556_667,0.7971385717
S_556_670,0.2603763183
S_556_671,0.1333012083
S_556_686,0.7231362395
S_556_689,0.7855447331
S_556_694,0.8963562368
S_556_695,0.6807441286
S_556_698,0.7134478681
S_556_701,0.5045406215
S_556_702,0.7210442309
S_556_708,0.41076919
S_556_720,0.1726000064
S_556_721,0.5003226312
S_556_722,0.2417719272
S_556_725,0.3647117254
S_556_731,0.2613959648
S_556_737,0.5968920145
S_556_754,0.3715366961
S_556_765,0.8124586018
S_556_779,0.684998151
S_556_780,0.3565435188
S_556_783,0.4213105865
S_556_786,0.120866793
S_556_790,0.4043695133
S_556_793,0.5383303754
S_556_802,0.8822456653
S_556_804,0.70777402
S_556_810,0.3066808199
S_556_811,0.8843407046
S_556_825,0.3671148316
S_556_829,0.1128342797
S_556_830,0.3605534177
S_556_836,0.8840935934
S_556_842,0.8408516524
S_556_845,0.8512124393
S_556_846,0.1649378726
S_556_849,0.1239370918
S_556_850,0.7520805185
S_556_853,0.4734016584
S_559_562,0.4219634602
S_559_569,0.7858399632
S_559_570,0.9419196836
S_559_577,0.3605673304
S_559_580,0.9153451415
S_559_592,0.2730931482
S_559_599,0.8204290158
S_559_607,0.4910987002
S_559_612,0.7966826081
S_559_628,0.4498551141
S_559_629,0.3003550077
S_559_636,0.1475332715
S_559_637,0.7326294114
S_559_640,0.4915614956
S_559_651,0.4134967441
S_559_658,0.9119233212
S_559_663,0.6529758035
S_559_666,0.6263578798
S_559_667,0.9055880427
S_559_670,0.4976496506
S_559_671,0.2326576336
S_559_686,0.7676142485
S_559_689,0.9185844491
S_559_694,0.9384590987
S_559_695,0.8327051881
S_559_698,0.8630581893
S_559_701,0.7185756625
S_559_702,0.8681592565
S_559_708,0.66774106
S_559_720,0.3287245956
S_559_721,0.7054564838
S_559_722,0.463047805
S_559_725,0.6021596318
S_559_731,0.4806659923
S_559_737,0.7996903373
S_559_754,0.5296730608
S_559_765,0.9128796815
S_559_779,0.8528729575
S_559_780,0.5700734976
S_559_783,0.6761078986
S_559_786,0.1351629882
S_559_790,0.6629629791
S_559_793,0.7479749754
S_559_802,0.9181198968
S_559_804,0.7550582083
S_559_810,0.5388293741
S_559_811,0.9226897126
S_559_825,0.6222018033
S_559_829,0.1595431563
S_559_830,0.5996035988
S_559_836,0.9139240472
S_559_842,0.8695953707
S_559_845,0.8680205376
S_559_846,0.2331600301
S_559_849,0.159549741
S_559_850,0.7902685965
S_559_853,0.7097064791
S_562_569,0.8662720162
S_562_570,0.9230438804
S_562_577,0.5939757297
S_562_580,0.9169504517
S_562_592,0.4459069583
S_562_599,0.8815875553
S_562_607,0.7052320046
S_562_612,0.8749431542
S_562_628,0.710209883
S_562_629,0.4595711949
S_562_636,0.2324794197
S_562_637,0.8501546349
S_562_640,0.7144699522
S_562_651,0.6438893324
S_562_658,0.9035226238
S_562_663,0.7224328281
S_562_666,0.804903378
S_562_667,0.9094032836
S_562_670,0.7776098447
S_562_671,0.3942550167
S_562_686,0.8597180782
S_562_689,0.9094232749
S_562_694,0.9217983508
S_562_695,0.8725174273
S_562_698,0.8960098234
S_562_701,0.8349540122
S_562_702,0.8962105798
S_562_708,0.8652687137
S_562_720,0.524876683
S_562_721,0.8265440038
S_562_722,0.6979147397
S_562_725,0.7863610097
S_562_731,0.7084556175
S_562_737,0.8788758657
S_562_754,0.6889511661
S_562_765,0.8946773659
S_562_779,0.8960632301
S_562_780,0.757252326
S_562_783,0.85672969
S_562_786,0.233134783
S_562_790,0.8563620293
S_562_793,0.8555168861
S_562_802,0.9182449903
S_562_804,0.8502021512
S_562_810,0.7654960373
S_562_811,0.9147697748
S_562_825,0.8244677384
S_562_829,0.2876492
S_562_830,0.8281270919
S_562_836,0.9113623819
S_562_842,0.9027139233
S_562_845,0.8846704467
S_562_846,0.3762384134
S_562_849,0.2627482626
S_562_850,0.8712257561
S_562_853,0.8498352918
S_569_570,0.8915082266
S_569_577,0.0277711297
S_569_580,0.9363382283
S_569_592,0.072782426
S_569_599,0.4785997683
S_569_607,0.0990890832
S_569_612,0.438794325
S_569_628,0.0401098016
S_569_629,0.1099810199
S_569_636,0.0938227412
S_569_637,0.3682284681
S_569_640,0.0801770852
S_569_651,0.0719006177
S_569_658,0.7845405681
S_569_663,0.3978160195
S_569_666,0.2052822667
S_569_667,0.7730063599
S_569_670,0.0489711657
S_569_671,0.0605726646
S_569_686,0.704631759
S_569_689,0.719215473
S_569_694,0.9362914601
S_569_695,0.6121539572
S_569_698,0.6452557841
S_569_701,0.3360944165
S_569_702,0.6587673761
S_569_708,0.1968408897
S_569_720,0.0539237428
S_569_721,0.337607571
S_569_722,0.0649459672
S_569_725,0.1912966738
S_569_731,0.0953271964
S_569_737,0.4688756513
S_569_754,0.2399885725
S_569_765,0.7888510591
S_569_779,0.584228597
S_569_780,0.1978866039
S_569_783,0.232180588
S_569_786,0.1089436093
S_569_790,0.2189014105
S_569_793,0.377308756
S_569_802,0.9315447986
S_569_804,0.6795168233
S_569_810,0.1227988647
S_569_811,0.9346015898
S_569_825,0.1691089324
S_569_829,0.0574137192
S_569_830,0.1364869753
S_569_836,0.9354851303
S_569_842,0.8744121679
S_569_845,0.899109808
S_569_846,0.1089906479
S_569_849,0.0932423176
S_569_850,0.7485461272
S_569_853,0.3042799903
S_570_577,0.0235586583
S_570_580,0.9149337075
S_570_592,0.0598598969
S_570_599,0.2775928319
S_570_607,0.0511139344
S_570_612,0.2599409098
S_570_628,0.0292488033
S_570_629,0.1001722307
S_570_636,0.0993132615
S_570_637,0.2464836877
S_570_640,0.01133777
S_570_651,0.0885480942
S_570_658,0.6632218236
S_570_663,0.2181151845
S_570_666,0.0904060666
S_570_667,0.6644928181
S_570_670,0.0217899005
S_570_671,0.084507467
S_570_686,0.7462105951
S_570_689,0.5440436845
S_570_694,0.8829703685
S_570_695,0.4955251598
S_570_698,0.521973038
S_570_701,0.1595363703
S_570_702,0.5349666362
S_570_708,0.0793792863
S_570_720,0.063889112
S_570_721,0.1659684581
S_570_722,0.0353039678
S_570_725,0.0953566501
S_570_731,0.0603222838
S_570_737,0.3249131984
S_570_754,0.1360552463
S_570_765,0.6543650408
S_570_779,0.4322425326
S_570_780,0.1117907457
S_570_783,0.1347645383
S_570_786,0.1384050747
S_570_790,0.1440187798
S_570_793,0.2024171916
S_570_802,0.9084113138
S_570_804,0.7178340622
S_570_810,0.0541926143
S_570_811,0.9038372804
S_570_825,0.0721301477
S_570_829,0.0618051782
S_570_830,0.0242195091
S_570_836,0.9126460092
S_570_842,0.8770054824
S_570_845,0.9112706896
S_570_846,0.1099333253
S_570_849,0.1058602144
S_570_850,0.7878891293
S_570_853,0.1746489997
S_577_580,0.914346982
S_577_592,0.4932925622
S_577_599,0.9601361971
S_577_607,0.7915926624
S_577_612,0.9581278628
S_577_628,0.7781480799
S_577_629,0.5154529229
S_577_636,0.2669245978
S_577_637,0.9363428829
S_577_640,0.7961611369
S_577_651,0.6932183583
S_577_658,0.9407769911
S_577_663,0.7890007039
S_577_666,0.8984404272
S_577_667,0.9450915799
S_577_670,0.8531250689
S_577_671,0.4466557807
S_577_686,0.8627342803
S_577_689,0.9589766547
S_577_694,0.9253025367
S_577_695,0.9308866646
S_577_698,0.9504486846
S_577_701,0.9207580901
S_577_702,0.9507342461
S_577_708,0.9564277012
S_577_720,0.5895705227
S_577_721,0.9064191673
S_577_722,0.7758499015
S_577_725,0.8788814901
S_577_731,0.7901065665
S_577_737,0.9581428213
S_577_754,0.7517692533
S_577_765,0.9310883342
S_577_779,0.9594049339
S_577_780,0.8426288819
S_577_783,0.9525883141
S_577_786,0.2656788172
S_577_790,0.9522994593
S_577_793,0.9369028887
S_577_802,0.9177637623
S_577_804,0.8549111018
S_577_810,0.8500904165
S_577_811,0.9168119812
S_577_825,0.9204439978
S_577_829,0.322454351
S_577_830,0.9071392464
S_577_836,0.9089654666
S_577_842,0.8968078013
S_577_845,0.8758439792
S_577_846,0.4179400148
S_577_849,0.3018686053
S_577_850,0.871117621
S_577_853,0.9421410668
S_580_592,0.0549726949
S_580_599,0.2809280458
S_580_607,0.0917497563
S_580_612,0.2810514165
S_580_628,0.0680598517
S_580_629,0.0937282428
S_580_636,0.0816302123
S_580_637,0.2927719344
S_580_640,0.0441825146
S_580_651,0.1237886585
S_580_658,0.6740718259
S_580_663,0.1758548721
S_580_666,0.120532572
S_580_667,0.6832458436
S_580_670,0.062570432
S_580_671,0.0813617965
S_580_686,0.7994193347
S_580_689,0.5519677332
S_580_694,0.8801066592
S_580_695,0.528920661
S_580_698,0.5527037277
S_580_701,0.1632441508
S_580_702,0.5658520363
S_580_708,0.1213925484
S_580_720,0.082876361
S_580_721,0.1575253225
S_580_722,0.0733075236
S_580_725,0.1284266176
S_580_731,0.0924202372
S_580_737,0.3639349753
S_580_754,0.1225524242
S_580_765,0.6569911699
S_580_779,0.4618045778
S_580_780,0.1310965909
S_580_783,0.2038615254
S_580_786,0.1209139665
S_580_790,0.2267652912
S_580_793,0.2031546665
S_580_802,0.9034761194
S_580_804,0.7772716461
S_580_810,0.0815168526
S_580_811,0.9012378311
S_580_825,0.1250538115
S_580_829,0.0480564546
S_580_830,0.0507826384
S_580_836,0.9096722599
S_580_842,0.8760642725
S_580_845,0.9186442966
S_580_846,0.0995869037
S_580_849,0.0879649961
S_580_850,0.8284862674
S_580_853,0.219737913
S_592_599,0.8697815159
S_592_607,0.7392369674
S_592_612,0.8612511802
S_592_628,0.7463914717
S_592_629,0.512835989
S_592_636,0.2644925946
S_592_637,0.8380574357
S_592_640,0.747710612
S_592_651,0.6671769999
S_592_658,0.8741805084
S_592_663,0.7446282261
S_592_666,0.8203312097
S_592_667,0.8793874433
S_592_670,0.8164381176
S_592_671,0.4418787045
S_592_686,0.8880957271
S_592_689,0.8738279391
S_592_694,0.9106226047
S_592_695,0.8465652845
S_592_698,0.8648774067
S_592_701,0.8420482478
S_592_702,0.8642852071
S_592_708,0.8746329298
S_592_720,0.5646250344
S_592_721,0.8424852769
S_592_722,0.7312116875
S_592_725,0.805364962
S_592_731,0.7502798193
S_592_737,0.8551471078
S_592_754,0.7381767306
S_592_765,0.8726703846
S_592_779,0.8681850281
S_592_780,0.7931121619
S_592_783,0.8515471025
S_592_786,0.2802164562
S_592_790,0.8457708189
S_592_793,0.8614689582
S_592_802,0.9079803021
S_592_804,0.8786573671
S_592_810,0.8026563726
S_592_811,0.904158868
S_592_825,0.8363097105
S_592_829,0.332318267
S_592_830,0.8577647029
S_592_836,0.9096119834
S_592_842,0.9101361192
S_592_845,0.8973012817
S_592_846,0.43039529
S_592_849,0.3063703966
S_592_850,0.8977768163
S_592_853,0.8444969424
S_599_607,0.104218604
S_599_612,0.4555059329
S_599_628,0.0639778177
S_599_629,0.0912401252
S_599_636,0.085056809
S_599_637,0.3849668418
S_599_640,0.098928749
S_599_651,0.1008604422
S_599_658,0.7760435555
S_599_663,0.3883811386
S_599_666,0.2182720065
S_599_667,0.7666689092
S_599_670,0.0792097861
S_599_671,0.0442617843
S_599_686,0.7057247607
S_599_689,0.7271581965
S_599_694,0.9081345865
S_599_695,0.6148703901
S_599_698,0.6500587543
S_599_701,0.350399656
S_599_702,0.6614691214
S_599_708,0.2276908167
S_599_720,0.0479857178
S_599_721,0.3470032668
S_599_722,0.0773704521
S_599_725,0.1991901631
S_599_731,0.0988976445
S_599_737,0.4843839587
S_599_754,0.2411042374
S_599_765,0.7810986729
S_599_779,0.5994795616
S_599_780,0.1999848436
S_599_783,0.2607441692
S_599_786,0.0927695032
S_599_790,0.2493095834
S_599_793,0.3895899553
S_599_802,0.8984615267
S_599_804,0.6859848462
S_599_810,0.1341099905
S_599_811,0.9007936021
S_599_825,0.1925008737
S_599_829,0.0563599727
S_599_830,0.1743397031
S_599_836,0.9020156587
S_599_842,0.849404429
S_599_845,0.8684378229
S_599_846,0.0977657006
S_599_849,0.0782146625
S_599_850,0.741890223
S_599_853,0.323675925
S_607_612,0.808197609
S_607_628,0.5032356921
S_607_629,0.3126725957
S_607_636,0.1565703698
S_607_637,0.7542086726
S_607_640,0.5309958079
S_607_651,0.4675779739
S_607_658,0.9014088911
S_607_663,0.6409520544
S_607_666,0.6550671613
S_607_667,0.8983765035
S_607_670,0.5531066342
S_607_671,0.253400077
S_607_686,0.7793707823
S_607_689,0.910941558
S_607_694,0.9208458726
S_607_695,0.8350814632
S_607_698,0.8653172046
S_607_701,0.7289758214
S_607_702,0.8696078909
S_607_708,0.7057526441
S_607_720,0.3616961981
S_607_721,0.7122391626
S_607_722,0.5089148347
S_607_725,0.6318034747
S_607_731,0.5182235152
S_607_737,0.8133101913
S_607_754,0.5365567429
S_607_765,0.8980083653
S_607_779,0.8572024445
S_607_780,0.5931234618
S_607_783,0.7144972894
S_607_786,0.1407632509
S_607_790,0.7106206472
S_607_793,0.7548520659
S_607_802,0.9045352811
S_607_804,0.7682498772
S_607_810,0.5752401799
S_607_811,0.9071960836
S_607_825,0.6623298481
S_607_829,0.1741078658
S_607_830,0.6385624451
S_607_836,0.8980221491
S_607_842,0.8637808168
S_607_845,0.8572665038
S_607_846,0.2430306176
S_607_849,0.1659167912
S_607_850,0.7982910912
S_607_853,0.7357764444
S_612_628,0.06476897
S_612_629,0.0905371569
S_612_636,0.0783469833
S_612_637,0.396399376
S_612_640,0.1011118662
S_612_651,0.0993183074
S_612_658,0.7913363987
S_612_663,0.390578059
S_612_666,0.2258750201
S_612_667,0.7817131696
S_612_670,0.0796582675
S_612_671,0.0436310023
S_612_686,0.7061098662
S_612_689,0.7395121952
S_612_694,0.9230646398
S_612_695,0.6292188889
S_612_698,0.6642661642
S_612_701,0.3553103247
S_612_702,0.6766321585
S_612_708,0.2323983633
S_612_720,0.0510797229
S_612_721,0.3502740112
S_612_722,0.0824736038
S_612_725,0.2079207869
S_612_731,0.1041036613
S_612_737,0.4966461818
S_612_754,0.2376141125
S_612_765,0.7949162078
S_612_779,0.6103241738
S_612_780,0.205075537
S_612_783,0.2698845154
S_612_786,0.0853630724
S_612_790,0.2611465448
S_612_793,0.3942996666
S_612_802,0.9136478123
S_612_804,0.6849998833
S_612_810,0.1384722036
S_612_811,0.9168626318
S_612_825,0.2002561083
S_612_829,0.046594812
S_612_830,0.1715361641
S_612_836,0.9165781471
S_612_842,0.859071524
S_612_845,0.8790571901
S_612_846,0.0914715256
S_612_849,0.0717997243
S_612_850,0.7443686022
S_612_853,0.3336757738
S_628_629,0.4752109874
S_628_636,0.2543389613
S_628_637,0.9276923702
S_628_640,0.752938912
S_628_651,0.6517741466
S_628_658,0.9507095872
S_628_663,0.7727399305
S_628_666,0.8699928705
S_628_667,0.9524273736
S_628_670,0.7925877857
S_628_671,0.4123280715
S_628_686,0.812369099
S_628_689,0.9757890713
S_628_694,0.9192710377
S_628_695,0.935464415
S_628_698,0.9582840301
S_628_701,0.9041491298
S_628_702,0.9595728288
S_628_708,0.9264500202
S_628_720,0.5528988985
S_628_721,0.8836723088
S_628_722,0.7319879116
S_628_725,0.8487553409
S_628_731,0.7419182278
S_628_737,0.9599862136
S_628_754,0.7031999995
S_628_765,0.9381050464
S_628_779,0.9651379603
S_628_780,0.8006540788
S_628_783,0.9313759789
S_628_786,0.2414236976
S_628_790,0.9323846785
S_628_793,0.9202520247
S_628_802,0.9076977465
S_628_804,0.8043534969
S_628_810,0.8024592224
S_628_811,0.9090859339
S_628_825,0.8897602579
S_628_829,0.2931063611
S_628_830,0.858494063
S_628_836,0.8940322546
S_628_842,0.8693180818
S_628_845,0.8488814637
S_628_846,0.3787792056
S_628_849,0.2788563663
S_628_850,0.823576227
S_628_853,0.9284847625
S_629_636,0.266607617
S_629_637,0.8985634358
S_629_640,0.7918305148
S_629_651,0.6982285424
S_629_658,0.9192505999
S_629_663,0.7877813281
S_629_666,0.8763551477
S_629_667,0.922715896
S_629_670,0.8557943698
S_629_671,0.456531978
S_629_686,0.8709544093
S_629_689,0.9315918789
S_629_694,0.9324001713
S_629_695,0.898107192
S_629_698,0.9188936188
S_629_701,0.9030178705
S_629_702,0.9170394225
S_629_708,0.9383161758
S_629_720,0.592658494
S_629_721,0.8990812365
S_629_722,0.7722437254
S_629_725,0.8589691372
S_629_731,0.7896522255
S_629_737,0.9185045183
S_629_754,0.7641952968
S_629_765,0.915676084
S_629_779,0.9274963079
S_629_780,0.8351327394
S_629_783,0.9131595267
S_629_786,0.2706265755
S_629_790,0.9045387739
S_629_793,0.9223855922
S_629_802,0.9228784974
S_629_804,0.8607516406
S_629_810,0.8475976851
S_629_811,0.9222554395
S_629_825,0.8933428755
S_629_829,0.3324156009
S_629_830,0.9084638179
S_629_836,0.9223967696
S_629_842,0.9096630375
S_629_845,0.8989467052
S_629_846,0.4285621949
S_629_849,0.3067732726
S_629_850,0.8828920956
S_629_853,0.9077277042
S_636_637,0.8895876597
S_636_640,0.8429655494
S_636_651,0.727046062
S_636_658,0.8898395861
S_636_663,0.8182520243
S_636_666,0.8997386416
S_636_667,0.8943316102
S_636_670,0.9000984855
S_636_671,0.5643215808
S_636_686,0.8973150827
S_636_689,0.8848376176
S_636_694,0.9169015173
S_636_695,0.8775282935
S_636_698,0.8881758113
S_636_701,0.9029271562
S_636_702,0.8887606502
S_636_708,0.9367222195
S_636_720,0.6743606855
S_636_721,0.9055511635
S_636_722,0.8257552775
S_636_725,0.8914417348
S_636_731,0.8545061357
S_636_737,0.8936474417
S_636_754,0.8309577579
S_636_765,0.8866087778
S_636_779,0.8931901939
S_636_780,0.889056941
S_636_783,0.914936652
S_636_786,0.4075847986
S_636_790,0.9113155326
S_636_793,0.9139656812
S_636_802,0.9141506284
S_636_804,0.8863679746
S_636_810,0.8988508226
S_636_811,0.9133220143
S_636_825,0.9165166228
S_636_829,0.4503885647
S_636_830,0.9276912485
S_636_836,0.9199167569
S_636_842,0.9155437295
S_636_845,0.9075316955
S_636_846,0.5568368949
S_636_849,0.426599832
S_636_850,0.9076314525
S_636_853,0.9059121456
S_637_640,0.097392852
S_637_651,0.0790621027
S_637_658,0.8050997174
S_637_663,0.4066002768
S_637_666,0.2321377355
S_637_667,0.7945720143
S_637_670,0.0654587666
S_637_671,0.044911057
S_637_686,0.7024163073
S_637_689,0.749633746
S_637_694,0.9350498041
S_637_695,0.6417548499
S_637_698,0.6752905619
S_637_701,0.3638327573
S_637_702,0.6886408822
S_637_708,0.2300747216
S_637_720,0.0494394902
S_637_721,0.3601607334
S_637_722,0.0785399056
S_637_725,0.2151053994
S_637_731,0.1055767027
S_637_737,0.5067364745
S_637_754,0.2473209699
S_637_765,0.8074239678
S_637_779,0.6195779186
S_637_780,0.2125756699
S_637_783,0.2737909185
S_637_786,0.0880374195
S_637_790,0.2620145954
S_637_793,0.4053209777
S_637_802,0.9262656706
S_637_804,0.6797499043
S_637_810,0.1387467537
S_637_811,0.9303650426
S_637_825,0.2010779756
S_637_829,0.0427019091
S_637_830,0.1622142978
S_637_836,0.9280812514
S_637_842,0.8659847011
S_637_845,0.8869807092
S_637_846,0.0941000109
S_637_849,0.0747190977
S_637_850,0.7431118856
S_637_853,0.3413386316
S_640_651,0.4649983388
S_640_658,0.8932509182
S_640_663,0.5923903679
S_640_666,0.6334964542
S_640_667,0.8945408342
S_640_670,0.5466820531
S_640_671,0.2157678767
S_640_686,0.7950612571
S_640_689,0.895737567
S_640_694,0.9185622183
S_640_695,0.8279536866
S_640_698,0.8591182942
S_640_701,0.6972050341
S_640_702,0.864072258
S_640_708,0.6902644163
S_640_720,0.3348946025
S_640_721,0.6754121895
S_640_722,0.493747127
S_640_725,0.6111975056
S_640_731,0.4970674057
S_640_737,0.8018702664
S_640_754,0.4983055161
S_640_765,0.8839528617
S_640_779,0.8456892687
S_640_780,0.5677987317
S_640_783,0.7114352871
S_640_786,0.1028200666
S_640_790,0.718144198
S_640_793,0.7230585408
S_640_802,0.909265399
S_640_804,0.7841848622
S_640_810,0.5536916881
S_640_811,0.9089506015
S_640_825,0.6526775511
S_640_829,0.1359738112
S_640_830,0.6188815309
S_640_836,0.8992318761
S_640_842,0.8736469435
S_640_845,0.8605705283
S_640_846,0.207737034
S_640_849,0.1215347584
S_640_850,0.8126452331
S_640_853,0.7219727857
S_651_658,0.9055862978
S_651_663,0.7900783641
S_651_666,0.8974682307
S_651_667,0.9078462616
S_651_670,0.8416139537
S_651_671,0.4953845844
S_651_686,0.8068919656
S_651_689,0.9313369141
S_651_694,0.8659670968
S_651_695,0.9100238456
S_651_698,0.9250333236
S_651_701,0.9132878051
S_651_702,0.9254431559
S_651_708,0.9446620538
S_651_720,0.6214074756
S_651_721,0.8951590839
S_651_722,0.7818969979
S_651_725,0.8792184182
S_651_731,0.7934883744
S_651_737,0.9461356505
S_651_754,0.7484145124
S_651_765,0.8956923716
S_651_779,0.9379509867
S_651_780,0.8403653818
S_651_783,0.9467236461
S_651_786,0.3369098034
S_651_790,0.9478666092
S_651_793,0.9228126327
S_651_802,0.8568662166
S_651_804,0.8019988276
S_651_810,0.8459913433
S_651_811,0.857475558
S_651_825,0.9168510888
S_651_829,0.3847623886
S_651_830,0.8915277624
S_651_836,0.8459326039
S_651_842,0.8319194666
S_651_845,0.8112212253
S_651_846,0.4637807448
S_651_849,0.3722519976
S_651_850,0.8116931289
S_651_853,0.9365407559
S_658_663,0.2836892365
S_658_666,0.1133443142
S_658_667,0.692612487
S_658_670,0.0148751183
S_658_671,0.0906664343
S_658_686,0.7198264617
S_658_689,0.5910622165
S_658_694,0.9023053015
S_658_695,0.5228545705
S_658_698,0.5505905677
S_658_701,0.2074219488
S_658_702,0.56341491
S_658_708,0.0968179812
S_658_720,0.0613052662
S_658_721,0.2163391675
S_658_722,0.0307967257
S_658_725,0.1127440236
S_658_731,0.0630888658
S_658_737,0.3550461628
S_658_754,0.175148727
S_658_765,0.6949312159
S_658_779,0.4680695503
S_658_780,0.1342010415
S_658_783,0.1421218639
S_658_786,0.1544337172
S_658_790,0.1398377217
S_658_793,0.250727303
S_658_802,0.9183967694
S_658_804,0.690598468
S_658_810,0.06598036
S_658_811,0.9165380626
S_658_825,0.08245532
S_658_829,0.0790244701
S_658_830,0.044858459
S_658_836,0.9238630288
S_658_842,0.8758344415
S_658_845,0.9091993025
S_658_846,0.1279469628
S_658_849,0.1246243007
S_658_850,0.7654927327
S_658_853,0.1979305826
S_663_666,0.5226253968
S_663_667,0.7905568358
S_663_670,0.4641735987
S_663_671,0.2339777128
S_663_686,0.7656805183
S_663_689,0.7860866479
S_663_694,0.864007258
S_663_695,0.7083662162
S_663_698,0.7372978525
S_663_701,0.603817477
S_663_702,0.7391496442
S_663_708,0.5702001873
S_663_720,0.3071463114
S_663_721,0.600605848
S_663_722,0.4137978479
S_663_725,0.5030003387
S_663_731,0.4243141976
S_663_737,0.6637456881
S_663_754,0.4813484148
S_663_765,0.7983747734
S_663_779,0.7244385367
S_663_780,0.4906113481
S_663_783,0.5608174313
S_663_786,0.1669624291
S_663_790,0.5483735414
S_663_793,0.6322786407
S_663_802,0.8542147743
S_663_804,0.754215453
S_663_810,0.4714703401
S_663_811,0.8524289316
S_663_825,0.5223608001
S_663_829,0.1915574919
S_663_830,0.5395546066
S_663_836,0.8567321515
S_663_842,0.8372856598
S_663_845,0.8383603739
S_663_846,0.2469036494
S_663_849,0.1787767582
S_663_850,0.7847789037
S_663_853,0.5859741996
S_666_667,0.8839267813
S_666_670,0.4016407077
S_666_671,0.1825167387
S_666_686,0.7473587783
S_666_689,0.8883343646
S_666_694,0.93618873
S_666_695,0.7942448066
S_666_698,0.8258430839
S_666_701,0.6456003091
S_666_702,0.8325973115
S_666_708,0.5758910456
S_666_720,0.2613417925
S_666_721,0.6331444703
S_666_722,0.3756922931
S_666_725,0.5176023198
S_666_731,0.3944107706
S_666_737,0.7404349761
S_666_754,0.4642543359
S_666_765,0.8929164966
S_666_779,0.8074424378
S_666_780,0.4901847298
S_666_783,0.5911695791
S_666_786,0.1128204483
S_666_790,0.5775118675
S_666_793,0.6771926287
S_666_802,0.9165359928
S_666_804,0.7333456915
S_666_810,0.4494190422
S_666_811,0.9213377677
S_666_825,0.5316580392
S_666_829,0.123353213
S_666_830,0.5059570476
S_666_836,0.9135532991
S_666_842,0.8636258655
S_666_845,0.8668563314
S_666_846,0.1916622199
S_666_849,0.1306594855
S_666_850,0.7735500316
S_666_853,0.6327945001
S_667_670,0.0356772195
S_667_671,0.1009900669
S_667_686,0.7259978988
S_667_689,0.600258666
S_667_694,0.9101570857
S_667_695,0.5371191448
S_667_698,0.564023976
S_667_701,0.2240056697
S_667_702,0.576953932
S_667_708,0.1189969527
S_667_720,0.0779208659
S_667_721,0.232113603
S_667_722,0.0527086165
S_667_725,0.1354577113
S_667_731,0.0854392945
S_667_737,0.3726444
S_667_754,0.1870011605
S_667_765,0.7043066264
S_667_779,0.4814695164
S_667_780,0.1540963358
S_667_783,0.1654747128
S_667_786,0.1529316122
S_667_790,0.1640726706
S_667_793,0.2675537754
S_667_802,0.9267244917
S_667_804,0.696000431
S_667_810,0.0873990513
S_667_811,0.9252680652
S_667_825,0.1055612853
S_667_829,0.0793233874
S_667_830,0.0629158988
S_667_836,0.9318314493
S_667_842,0.8829247394
S_667_845,0.91673568
S_667_846,0.1313450195
S_667_849,0.1261372897
S_667_850,0.7721721573
S_667_853,0.2191551905
S_670_671,0.3686253197
S_670_686,0.7949457894
S_670_689,0.9481050872
S_670_694,0.9203657565
S_670_695,0.8929541895
S_670_698,0.9170699242
S_670_701,0.8403672066
S_670_702,0.9203896158
S_670_708,0.8319892254
S_670_720,0.4864967195
S_670_721,0.8257162097
S_670_722,0.6422902172
S_670_725,0.7635716878
S_670_731,0.6562897423
S_670_737,0.897146899
S_670_754,0.6584019442
S_670_765,0.9233858865
S_670_779,0.9186012537
S_670_780,0.7265041151
S_670_783,0.8366069849
S_670_786,0.2303620697
S_670_790,0.8301961728
S_670_793,0.8613504586
S_670_802,0.9069524929
S_670_804,0.7854542003
S_670_810,0.7144755759
S_670_811,0.9087099188
S_670_825,0.7936084189
S_670_829,0.2719007192
S_670_830,0.7704264253
S_670_836,0.8958254028
S_670_842,0.8669698158
S_670_845,0.8511220641
S_670_846,0.3533056301
S_670_849,0.2618315869
S_670_850,0.8098896227
S_670_853,0.8470019445
S_671_686,0.8917696919
S_671_689,0.9440908064
S_671_694,0.9302753852
S_671_695,0.9188187352
S_671_698,0.9354436848
S_671_701,0.9633195679
S_671_702,0.933130102
S_671_708,0.999
S_671_720,0.6541507836
S_671_721,0.9622046394
S_671_722,0.8351872901
S_671_725,0.9248356613
S_671_731,0.8598868658
S_671_737,0.953250577
S_671_754,0.8359620894
S_671_765,0.9252641504
S_671_779,0.9515406463
S_671_780,0.9082605436
S_671_783,0.9666133309
S_671_786,0.3204161566
S_671_790,0.9530719176
S_671_793,0.9787839174
S_671_802,0.9214507966
S_671_804,0.8836765775
S_671_810,0.9201244576
S_671_811,0.9201840093
S_671_825,0.955821835
S_671_829,0.3819123524
S_671_830,0.9770370394
S_671_836,0.9211200693
S_671_842,0.9138548453
S_671_845,0.8991845045
S_671_846,0.4889446225
S_671_849,0.3605101384
S_671_850,0.8999200882
S_671_853,0.9585987692
S_686_689,0.6101400425
S_686_694,0.7847088001
S_686_695,0.6013059471
S_686_698,0.614234399
S_686_701,0.3311784925
S_686_702,0.6232638721
S_686_708,0.3127367286
S_686_720,0.1766854747
S_686_721,0.3076657317
S_686_722,0.2214110002
S_686_725,0.3011789089
S_686_731,0.2334722449
S_686_737,0.5027917082
S_686_754,0.2487117999
S_686_765,0.6628245852
S_686_779,0.5640006196
S_686_780,0.2808283672
S_686_783,0.4065430918
S_686_786,0.1690531218
S_686_790,0.4297158573
S_686_793,0.3558301793
S_686_802,0.7902878003
S_686_804,0.8773512027
S_686_810,0.240379162
S_686_811,0.7900191305
S_686_825,0.3265187148
S_686_829,0.1236047063
S_686_830,0.2385307553
S_686_836,0.8038528407
S_686_842,0.7945244634
S_686_845,0.8331307884
S_686_846,0.1728340274
S_686_849,0.1526299165
S_686_850,0.8626921171
S_686_853,0.4041039065
S_689_694,0.9024224849
S_689_695,0.5241035266
S_689_698,0.5538007217
S_689_701,0.213549117
S_689_702,0.5672887345
S_689_708,0.0847623032
S_689_720,0.0275368774
S_689_721,0.2207313735
S_689_722,0.001
S_689_725,0.0942937021
S_689_731,0.0322557619
S_689_737,0.3563945208
S_689_754,0.1703305291
S_689_765,0.7076510254
S_689_779,0.4771040335
S_689_780,0.1176471128
S_689_783,0.1268281847
S_689_786,0.1385057298
S_689_790,0.1199001019
S_689_793,0.2565254437
S_689_802,0.9126003574
S_689_804,0.6785397773
S_689_810,0.0423429079
S_689_811,0.9113713205
S_689_825,0.0659644307
S_689_829,0.0661589353
S_689_830,0.0362845187
S_689_836,0.91844302
S_689_842,0.8687715773
S_689_845,0.898473602
S_689_846,0.1109749027
S_689_849,0.1080136445
S_689_850,0.7523181498
S_689_853,0.1908351431
S_694_695,0.5121529749
S_694_698,0.5358613369
S_694_701,0.1778942811
S_694_702,0.5475590032
S_694_708,0.1170548466
S_694_720,0.0952672927
S_694_721,0.1803732355
S_694_722,0.0713556845
S_694_725,0.1291076199
S_694_731,0.0976548681
S_694_737,0.3498099515
S_694_754,0.1544844176
S_694_765,0.6500761322
S_694_779,0.4485909345
S_694_780,0.1433300879
S_694_783,0.1812378896
S_694_786,0.1605388148
S_694_790,0.1939293421
S_694_793,0.2184741673
S_694_802,0.8942120329
S_694_804,0.7404182779
S_694_810,0.0884507435
S_694_811,0.89052507
S_694_825,0.1130646613
S_694_829,0.0824564728
S_694_830,0.0573613585
S_694_836,0.8995498963
S_694_842,0.8665900888
S_694_845,0.9038077416
S_694_846,0.1341519366
S_694_849,0.1254689408
S_694_850,0.8000927702
S_694_853,0.2083131957
S_695_698,0.5976060948
S_695_701,0.280824153
S_695_702,0.6105756803
S_695_708,0.1502681534
S_695_720,0.0725779085
S_695_721,0.2891302476
S_695_722,0.0566884213
S_695_725,0.1621358041
S_695_731,0.0914673194
S_695_737,0.4134320981
S_695_754,0.2240339208
S_695_765,0.7432730885
S_695_779,0.5257085613
S_695_780,0.1784931696
S_695_783,0.1878628362
S_695_786,0.1509106056
S_695_790,0.1768154191
S_695_793,0.3237370141
S_695_802,0.9272187077
S_695_804,0.6788094102
S_695_810,0.1053564355
S_695_811,0.928096566
S_695_825,0.1296292338
S_695_829,0.0850605224
S_695_830,0.0948330247
S_695_836,0.9322777164
S_695_842,0.8754075928
S_695_845,0.9063140535
S_695_846,0.1361334649
S_695_849,0.1300229193
S_695_850,0.7536413299
S_695_853,0.2554078222
S_698_701,0.2790540009
S_698_702,0.6124041909
S_698_708,0.1535053028
S_698_720,0.0762870552
S_698_721,0.2863060567
S_698_722,0.0625794713
S_698_725,0.1668647176
S_698_731,0.0970014237
S_698_737,0.4154350573
S_698_754,0.2197351988
S_698_765,0.7421484377
S_698_779,0.5254018564
S_698_780,0.1811778381
S_698_783,0.1938667773
S_698_786,0.1452327121
S_698_790,0.1852093919
S_698_793,0.3219952408
S_698_802,0.9318831932
S_698_804,0.6814989733
S_698_810,0.1091076666
S_698_811,0.9323631175
S_698_825,0.1352292502
S_698_829,0.0783158723
S_698_830,0.0943900047
S_698_836,0.9360925804
S_698_842,0.8801602567
S_698_845,0.9105681095
S_698_846,0.1318524826
S_698_849,0.1241479889
S_698_850,0.7577320324
S_698_853,0.2590350095
S_701_702,0.7341976414
S_701_708,0.4277127341
S_701_720,0.1815452366
S_701_721,0.5159101564
S_701_722,0.2559473709
S_701_725,0.3791035512
S_701_731,0.2761054427
S_701_737,0.6106237854
S_701_754,0.387573065
S_701_765,0.8255336598
S_701_779,0.6987673572
S_701_780,0.3715070093
S_701_783,0.436804184
S_701_786,0.121383054
S_701_790,0.4188271575
S_701_793,0.5540434063
S_701_802,0.8955000442
S_701_804,0.7202119768
S_701_810,0.3226832175
S_701_811,0.8972236163
S_701_825,0.3819675691
S_701_829,0.1172054363
S_701_830,0.3798986659
S_701_836,0.8974291498
S_701_842,0.8544776847
S_701_845,0.863627104
S_701_846,0.1723306992
S_701_849,0.125810731
S_701_850,0.7651026972
S_701_853,0.4874035246
S_702_708,0.1115136891
S_702_720,0.0453099402
S_702_721,0.2431341838
S_702_722,0.0266783096
S_702_725,0.1250662015
S_702_731,0.058419817
S_702_737,0.3844484123
S_702_754,0.1819335565
S_702_765,0.7287819047
S_702_779,0.5003957519
S_702_780,0.1403981874
S_702_783,0.1560855615
S_702_786,0.1279296391
S_702_790,0.151010896
S_702_793,0.2802782553
S_702_802,0.9324503852
S_702_804,0.6832303151
S_702_810,0.0681392876
S_702_811,0.9324929514
S_702_825,0.0943815017
S_702_829,0.0573708218
S_702_830,0.0531311262
S_702_836,0.9374593651
S_702_842,0.8824799409
S_702_845,0.9141186675
S_702_846,0.1077507308
S_702_849,0.1026925111
S_702_850,0.7602034532
S_702_853,0.2204638542
S_708_720,0.250334476
S_708_721,0.5966786101
S_708_722,0.3495890666
S_708_725,0.4828059629
S_708_731,0.3672083491
S_708_737,0.6999345695
S_708_754,0.4426937505
S_708_765,0.8687702599
S_708_779,0.7697762694
S_708_780,0.4589683163
S_708_783,0.5444549215
S_708_786,0.1275707654
S_708_790,0.5337499835
S_708_793,0.6370135758
S_708_802,0.9188696777
S_708_804,0.7262120722
S_708_810,0.4161299745
S_708_811,0.9214755766
S_708_825,0.4906663545
S_708_829,0.1313703393
S_708_830,0.4632762321
S_708_836,0.9134406573
S_708_842,0.8683050123
S_708_845,0.8692729705
S_708_846,0.1989420715
S_708_849,0.1395475516
S_708_850,0.7715253856
S_708_853,0.5893509117
S_720_721,0.9157484327
S_720_722,0.7714887537
S_720_725,0.8764543652
S_720_731,0.7879513932
S_720_737,0.9468114291
S_720_754,0.7557796283
S_720_765,0.920451093
S_720_779,0.9483059139
S_720_780,0.8431637804
S_720_783,0.9383455859
S_720_786,0.2609589782
S_720_790,0.9312261129
S_720_793,0.9430942777
S_720_802,0.9016914409
S_720_804,0.8414516355
S_720_810,0.849428003
S_720_811,0.9010185421
S_720_825,0.9138935555
S_720_829,0.3187728639
S_720_830,0.9094670021
S_720_836,0.8946011146
S_720_842,0.8822345112
S_720_845,0.8637934268
S_720_846,0.4145766528
S_720_849,0.3006070222
S_720_850,0.8569089067
S_720_853,0.9342470758
S_721_722,0.3113064337
S_721_725,0.4299020817
S_721_731,0.325867638
S_721_737,0.6498319415
S_721_754,0.4138461932
S_721_765,0.8316293217
S_721_779,0.7283641705
S_721_780,0.413419603
S_721_783,0.4977513833
S_721_786,0.1112626788
S_721_790,0.483992626
S_721_793,0.5918099464
S_721_802,0.8883706099
S_721_804,0.7329045918
S_721_810,0.3754069005
S_721_811,0.8897346498
S_721_825,0.4421398536
S_721_829,0.119862622
S_721_830,0.4393419709
S_721_836,0.8884458659
S_721_842,0.8508707823
S_721_845,0.8557581749
S_721_846,0.1766799961
S_721_849,0.1203003674
S_721_850,0.7714967217
S_721_853,0.5384264265
S_722_725,0.7867786191
S_722_731,0.6681230338
S_722_737,0.9325365378
S_722_754,0.6407988106
S_722_765,0.9402129082
S_722_779,0.9494085483
S_722_780,0.7356835021
S_722_783,0.8781033525
S_722_786,0.1859945498
S_722_790,0.878733573
S_722_793,0.8777601998
S_722_802,0.9110789904
S_722_804,0.7860766032
S_722_810,0.7299917398
S_722_811,0.9142744617
S_722_825,0.8276720314
S_722_829,0.2320229086
S_722_830,0.7889338509
S_722_836,0.8991784566
S_722_842,0.8656744198
S_722_845,0.8506529181
S_722_846,0.3136180855
S_722_849,0.2214318096
S_722_850,0.8089489201
S_722_853,0.8829599274
S_725_731,0.4272370532
S_725_737,0.7496880027
S_725_754,0.483795168
S_725_765,0.8861510811
S_725_779,0.8101770495
S_725_780,0.5145530141
S_725_783,0.6123461898
S_725_786,0.1303739743
S_725_790,0.6008218002
S_725_793,0.6929639138
S_725_802,0.9085217743
S_725_804,0.7362235259
S_725_810,0.4812719607
S_725_811,0.9126087664
S_725_825,0.5596513155
S_725_829,0.1472165856
S_725_830,0.5367561649
S_725_836,0.9045091967
S_725_842,0.859190397
S_725_845,0.8606059888
S_725_846,0.2131939675
S_725_849,0.1509846659
S_725_850,0.7745668064
S_725_853,0.6515026949
S_731_737,0.8531043113
S_731_754,0.6114218395
S_731_765,0.9049517827
S_731_779,0.8848762452
S_731_780,0.6723196767
S_731_783,0.7813386019
S_731_786,0.1810131296
S_731_790,0.7746778684
S_731_793,0.8167175363
S_731_802,0.9075019782
S_731_804,0.7865449858
S_731_810,0.6655295911
S_731_811,0.908668136
S_731_825,0.7397474358
S_731_829,0.2253873009
S_731_830,0.7303163594
S_731_836,0.8996965516
S_731_842,0.8709550161
S_731_845,0.8606897622
S_731_846,0.3017687315
S_731_849,0.2143832438
S_731_850,0.8131346881
S_731_853,0.7958392138
S_737_754,0.2515988626
S_737_765,0.8018060513
S_737_779,0.6029687124
S_737_780,0.2161395458
S_737_783,0.2560625013
S_737_786,0.104914475
S_737_790,0.2415741521
S_737_793,0.3986510757
S_737_802,0.9342076612
S_737_804,0.6766003658
S_737_810,0.1387809415
S_737_811,0.9385673249
S_737_825,0.1899252073
S_737_829,0.0515390096
S_737_830,0.1490318411
S_737_836,0.9379630619
S_737_842,0.8729599085
S_737_845,0.8986369649
S_737_846,0.108079813
S_737_849,0.0913503342
S_737_850,0.7454761485
S_737_853,0.3282908714
S_754_765,0.8588680764
S_754_779,0.8098335247
S_754_780,0.5837621213
S_754_783,0.6814473873
S_754_786,0.1843072428
S_754_790,0.6725285783
S_754_793,0.7182896949
S_754_802,0.8960979495
S_754_804,0.7841777273
S_754_810,0.5785752687
S_754_811,0.8966423994
S_754_825,0.6334926309
S_754_829,0.223987354
S_754_830,0.6496531372
S_754_836,0.8975240686
S_754_842,0.8695881074
S_754_845,0.8703912424
S_754_846,0.2864553859
S_754_849,0.207027485
S_754_850,0.8148214241
S_754_853,0.6923196477
S_765_779,0.4765104257
S_765_780,0.1360760902
S_765_783,0.1465151215
S_765_786,0.1764116678
S_765_790,0.1406988915
S_765_793,0.2596658104
S_765_802,0.8980892947
S_765_804,0.6795797463
S_765_810,0.0660294249
S_765_811,0.897464763
S_765_825,0.0834504645
S_765_829,0.10073481
S_765_830,0.0540895079
S_765_836,0.9047485838
S_765_842,0.8549209321
S_765_845,0.8883395062
S_765_846,0.143751834
S_765_849,0.1445600967
S_765_850,0.7490817285
S_765_853,0.2033210355
S_779_780,0.1600884901
S_779_783,0.1763838733
S_779_786,0.132059447
S_779_790,0.1642068803
S_779_793,0.3179874323
S_779_802,0.929250237
S_779_804,0.6762129377
S_779_810,0.0815864836
S_779_811,0.9302425809
S_779_825,0.113637354
S_779_829,0.0656925179
S_779_830,0.0799470819
S_779_836,0.9342115215
S_779_842,0.8760266731
S_779_845,0.9047895203
S_779_846,0.1170104542
S_779_849,0.1081827134
S_779_850,0.7504454452
S_779_853,0.2460501941
S_780_783,0.5673723742
S_780_786,0.1403557101
S_780_790,0.5545259512
S_780_793,0.647434281
S_780_802,0.889883168
S_780_804,0.7530017153
S_780_810,0.4505051777
S_780_811,0.8912813443
S_780_825,0.515293449
S_780_829,0.1609609563
S_780_830,0.5185133754
S_780_836,0.8892397301
S_780_842,0.8551264092
S_780_845,0.8566942461
S_780_846,0.218594007
S_780_849,0.1560127822
S_780_850,0.7865084486
S_780_853,0.600430336
S_783_786,0.0907624192
S_783_790,0.3716474374
S_783_793,0.502261903
S_783_802,0.9393711203
S_783_804,0.6910511932
S_783_810,0.2405308805
S_783_811,0.9451977353
S_783_825,0.3148087493
S_783_829,0.0612097157
S_783_830,0.2653428895
S_783_836,0.9383726919
S_783_842,0.8746783159
S_783_845,0.889959348
S_783_846,0.1224573874
S_783_849,0.0876074469
S_783_850,0.7514482783
S_783_853,0.4462325779
S_786_790,0.8596355927
S_786_793,0.9177511065
S_786_802,0.8837577312
S_786_804,0.8749463719
S_786_810,0.9064060947
S_786_811,0.8842055313
S_786_825,0.8939746976
S_786_829,0.4794843236
S_786_830,0.9351938436
S_786_836,0.8977350418
S_786_842,0.8947188099
S_786_845,0.8950929937
S_786_846,0.5878249918
S_786_849,0.4621588658
S_786_850,0.8942707818
S_786_853,0.8799009298
S_790_793,0.4493801507
S_790_802,0.9424896089
S_790_804,0.6852070507
S_790_810,0.1936779253
S_790_811,0.9481476809
S_790_825,0.2774475703
S_790_829,0.0348565547
S_790_830,0.2100709415
S_790_836,0.9397994943
S_790_842,0.8752784413
S_790_845,0.8907409789
S_790_846,0.0895864925
S_790_849,0.0610239064
S_790_850,0.7484004693
S_790_853,0.4125834073
S_793_802,0.8935427534
S_793_804,0.7080364617
S_793_810,0.3056164071
S_793_811,0.8966911285
S_793_825,0.3681156884
S_793_829,0.1092913241
S_793_830,0.3594579481
S_793_836,0.8952002233
S_793_842,0.8473006569
S_793_845,0.8588084392
S_793_846,0.1626306247
S_793_849,0.1208761471
S_793_850,0.7535032464
S_793_853,0.4793875502
S_802_804,0.7735271779
S_802_810,0.086724714
S_802_811,0.902124725
S_802_825,0.129855695
S_802_829,0.0526505351
S_802_830,0.0535150668
S_802_836,0.9097977791
S_802_842,0.8782090032
S_802_845,0.918695046
S_802_846,0.0970293458
S_802_849,0.0889105258
S_802_850,0.8274267197
S_802_853,0.2210390109
S_804_810,0.2905603998
S_804_811,0.7559185353
S_804_825,0.3721573424
S_804_829,0.1665640596
S_804_830,0.292944928
S_804_836,0.7690197352
S_804_842,0.7661156378
S_804_845,0.7975072189
S_804_846,0.2124065891
S_804_849,0.1938849169
S_804_850,0.8388780129
S_804_853,0.4412716012
S_810_811,0.9096309559
S_810_825,0.6405986218
S_810_829,0.1531324882
S_810_830,0.6190950587
S_810_836,0.9004603897
S_810_842,0.8684618909
S_810_845,0.860235044
S_810_846,0.2238935282
S_810_849,0.1428851433
S_810_850,0.8023104086
S_810_853,0.7152736651
S_811_825,0.1206873384
S_811_829,0.0707390082
S_811_830,0.0552169676
S_811_836,0.911305701
S_811_842,0.8793231507
S_811_845,0.9186820446
S_811_846,0.1182778918
S_811_849,0.110602954
S_811_850,0.8199365922
S_811_853,0.2126775339
S_825_829,0.0837035907
S_825_830,0.3920827773
S_825_836,0.9071229511
S_825_842,0.85824886
S_825_845,0.862256702
S_825_846,0.1424387032
S_825_849,0.0920857829
S_825_850,0.7629754633
S_825_853,0.5439341973
S_829_830,0.9300270445
S_829_836,0.9319294935
S_829_842,0.9302940849
S_829_845,0.9222007154
S_829_846,0.5304881872
S_829_849,0.395076941
S_829_850,0.9239020509
S_829_853,0.9000658141
S_830_836,0.9005504096
S_830_842,0.8732044482
S_830_845,0.8633323336
S_830_846,0.2297214214
S_830_849,0.1500085444
S_830_850,0.8011410144
S_830_853,0.6635707469
S_836_842,0.8672424653
S_836_845,0.9070337985
S_836_846,0.1012277725
S_836_849,0.0899586774
S_836_850,0.8198330945
S_836_853,0.2142710705
S_842_845,0.9048556948
S_842_846,0.1065632667
S_842_849,0.0934077905
S_842_850,0.8522555256
S_842_853,0.2882399734
S_845_846,0.1160363895
S_845_849,0.0997418658
S_845_850,0.8554702197
S_845_853,0.2362158526
S_846_849,0.3514678414
S_846_850,0.8887300576
S_846_853,0.8225643355
S_849_850,0.9110909607
S_849_853,0.8923461595
S_850_853,0.3674388438
